Complexity,ModelName
mid,UNIFORM_ALL_6
mid,UNIFORM_ALL_18
mid,UNIFORM_ALL_34
mid,UNIFORM_ALL_46
mid,UNIFORM_ALL_39
mid,UNIFORM_ALL_35
mid,UNIFORM_ALL_29
mid,UNIFORM_ALL_20
mid,UNIFORM_ALL_32
mid,UNIFORM_ALL_10
mid,UNIFORM_ALL_36
mid,UNIFORM_ALL_24
mid,UNIFORM_ALL_40
mid,UNIFORM_ALL_10
mid,UNIFORM_ALL_33
low,UNIFORM_ALL_32
low,UNIFORM_ALL_2
low,UNIFORM_ALL_41
low,UNIFORM_ALL_9
low,UNIFORM_ALL_27
low,UNIFORM_ALL_20
low,UNIFORM_ALL_11
low,UNIFORM_ALL_49
low,UNIFORM_ALL_45
low,UNIFORM_ALL_38
low,UNIFORM_ALL_46
low,UNIFORM_ALL_47
low,UNIFORM_ALL_16
low,UNIFORM_ALL_14
low,UNIFORM_ALL_22
high,UNIFORM_ALL_12
high,UNIFORM_ALL_35
high,UNIFORM_ALL_10
high,UNIFORM_ALL_36
high,UNIFORM_ALL_1
high,UNIFORM_ALL_45
high,UNIFORM_ALL_27
high,UNIFORM_ALL_4
high,UNIFORM_ALL_40
high,UNIFORM_ALL_39
high,UNIFORM_ALL_11
high,UNIFORM_ALL_18
high,UNIFORM_ALL_40
high,UNIFORM_ALL_28
high,UNIFORM_ALL_15