Par0,Par1,Par10,Par11,Par12,Par13,Par14,Par2,Par3,Par4,Par5,Par6,Par7,Par8,Par9
PAR0_9,PAR1_14,PAR10_14,PAR11_6,PAR12_14,PAR13_1,PAR14_4,PAR2_0,PAR3_8,PAR4_14,PAR5_0,PAR6_11,PAR7_5,PAR8_7,PAR9_6
PAR0_10,PAR1_12,PAR10_8,PAR11_10,PAR12_0,PAR13_2,PAR14_1,PAR2_13,PAR3_5,PAR4_14,PAR5_1,PAR6_6,PAR7_10,PAR8_1,PAR9_3
PAR0_1,PAR1_3,PAR10_10,PAR11_14,PAR12_1,PAR13_7,PAR14_11,PAR2_7,PAR3_5,PAR4_6,PAR5_10,PAR6_5,PAR7_3,PAR8_10,PAR9_13
PAR0_6,PAR1_7,PAR10_3,PAR11_2,PAR12_5,PAR13_13,PAR14_8,PAR2_9,PAR3_10,PAR4_6,PAR5_0,PAR6_3,PAR7_8,PAR8_2,PAR9_3
PAR0_3,PAR1_13,PAR10_3,PAR11_11,PAR12_10,PAR13_3,PAR14_6,PAR2_0,PAR3_12,PAR4_11,PAR5_0,PAR6_8,PAR7_1,PAR8_5,PAR9_11
PAR0_12,PAR1_10,PAR10_1,PAR11_14,PAR12_1,PAR13_2,PAR14_9,PAR2_12,PAR3_13,PAR4_14,PAR5_13,PAR6_4,PAR7_8,PAR8_8,PAR9_4
PAR0_6,PAR1_7,PAR10_8,PAR11_1,PAR12_2,PAR13_0,PAR14_12,PAR2_2,PAR3_10,PAR4_2,PAR5_2,PAR6_3,PAR7_5,PAR8_7,PAR9_4
PAR0_9,PAR1_10,PAR10_3,PAR11_7,PAR12_5,PAR13_3,PAR14_14,PAR2_6,PAR3_12,PAR4_13,PAR5_10,PAR6_6,PAR7_1,PAR8_6,PAR9_8
PAR0_14,PAR1_2,PAR10_3,PAR11_7,PAR12_9,PAR13_5,PAR14_8,PAR2_5,PAR3_2,PAR4_10,PAR5_5,PAR6_3,PAR7_9,PAR8_6,PAR9_13
PAR0_7,PAR1_10,PAR10_13,PAR11_3,PAR12_7,PAR13_9,PAR14_3,PAR2_7,PAR3_13,PAR4_2,PAR5_10,PAR6_8,PAR7_13,PAR8_5,PAR9_11
